<TableNameMappings>
	<Mapping>
		<TableName>250cc</TableName>
		<RomName>ind250cc</RomName>
	</Mapping>
	<Mapping>
		<TableName>A Nightmare On Elm Street</TableName>
		<RomName>freddy</RomName>
	</Mapping>
	<Mapping>
		<TableName>Airborne</TableName>
		<RomName>abv106</RomName>
	</Mapping>
	<Mapping>
		<TableName>Ali</TableName>
		<RomName>ali</RomName>
	</Mapping>
	<Mapping>
		<TableName>Alien Poker (Not multiball version)</TableName>
		<RomName>alpok_l6</RomName>
	</Mapping>
	<Mapping>
		<TableName>Alien Star</TableName>
		<RomName>alienstr</RomName>
	</Mapping>
	<Mapping>
		<TableName>Amazing Spiderman</TableName>
		<RomName>spidermn</RomName>
	</Mapping>
	<Mapping>
		<TableName>Fast Draw</TableName>
		<RomName>amazonh</RomName>
	</Mapping>
	<Mapping>
		<TableName>Attack from Mars</TableName>
		<RomName>afm</RomName>
	</Mapping>
	<Mapping>
		<TableName>Austin Powers</TableName>
		<RomName>austin</RomName>
	</Mapping>
	<Mapping>
		<TableName>Baby Pacman</TableName>
		<RomName>babypac</RomName>
	</Mapping>
	<Mapping>
		<TableName>Back to the Future</TableName>
		<RomName>bttf</RomName>
	</Mapping>
	<Mapping>
		<TableName>Bad Cats</TableName>
		<RomName>bcats</RomName>
	</Mapping>
	<Mapping>
		<TableName>Banzai Run</TableName>
		<RomName>bnzai</RomName>
	</Mapping>
	<Mapping>
		<TableName>Barbwire</TableName>
		<RomName>barbwire</RomName>
	</Mapping>
	<Mapping>
		<TableName>Barracora</TableName>
		<RomName>barra</RomName>
	</Mapping>
	<Mapping>
		<TableName>Batman</TableName>
		<RomName>btmn</RomName>
	</Mapping>
	<Mapping>
		<TableName>Baywatch</TableName>
		<RomName>baywatch</RomName>
	</Mapping>
	<Mapping>
		<TableName>Beat the Clock</TableName>
		<RomName>beatclck</RomName>
	</Mapping>
	<Mapping>
		<TableName>Big Bang Bar</TableName>
		<RomName>bbb109</RomName>
	</Mapping>
	<Mapping>
		<TableName>Big Game</TableName>
		<RomName>biggame</RomName>
	</Mapping>
	<Mapping>
		<TableName>Big Guns</TableName>
		<RomName>bguns</RomName>
	</Mapping>
	<Mapping>
		<TableName>BlackBelt (Zaccaria)</TableName>
		<RomName>bbeltzac</RomName>
	</Mapping>
	<Mapping>
		<TableName>Black Jack</TableName>
		<RomName>blackjck</RomName>
	</Mapping>
	<Mapping>
		<TableName>Black Knight</TableName>
		<RomName>bk</RomName>
	</Mapping>
	<Mapping>
		<TableName>Black Knight 2000</TableName>
		<RomName>bk2k</RomName>
	</Mapping>
	<Mapping>
		<TableName>Black Pyramid</TableName>
		<RomName>blakpyra</RomName>
	</Mapping>
	<Mapping>
		<TableName>Black Rose</TableName>
		<RomName>br</RomName>
	</Mapping>
	<Mapping>
		<TableName>Blackout</TableName>
		<RomName>blkou</RomName>
	</Mapping>
	<Mapping>
		<TableName>Bone Busters</TableName>
		<RomName>bonebstr</RomName>
	</Mapping>
	<Mapping>
		<TableName>Bow and Arrow</TableName>
		<RomName>bowarrow</RomName>
	</Mapping>
	<Mapping>
		<TableName>Bram Stokers Dracula</TableName>
		<RomName>drac</RomName>
	</Mapping>
	<Mapping>
		<TableName>Brave Team</TableName>
		<RomName>brvteam</RomName>
	</Mapping>
	<Mapping>
		<TableName>301 Bullseye</TableName>
		<RomName>bullseye</RomName>
	</Mapping>
	<Mapping>
		<TableName>Cactus Canyon</TableName>
		<RomName>cc</RomName>
	</Mapping>
	<Mapping>
		<TableName>Canasta 86</TableName>
		<RomName>canasta</RomName>
	</Mapping>
	<Mapping>
		<TableName>Centaur</TableName>
		<RomName>centaur</RomName>
	</Mapping>
	<Mapping>
		<TableName>Checkpoint</TableName>
		<RomName>ckpt</RomName>
	</Mapping>
	<Mapping>
		<TableName>Cirqus Voltaire</TableName>
		<RomName>cv</RomName>
	</Mapping>
	<Mapping>
		<TableName>Class of 1812</TableName>
		<RomName>clas1812</RomName>
	</Mapping>
	<Mapping>
		<TableName>Comet</TableName>
		<RomName>comet</RomName>
	</Mapping>
	<Mapping>
		<TableName>Congo</TableName>
		<RomName>congo</RomName>
	</Mapping>
	<Mapping>
		<TableName>Creature from the Black Lagoon</TableName>
		<RomName>cftbl</RomName>
	</Mapping>
	<Mapping>
		<TableName>Cue Ball Wizard</TableName>
		<RomName>cueball</RomName>
	</Mapping>
	<Mapping>
		<TableName>Cyclone</TableName>
		<RomName>cycln</RomName>
	</Mapping>
	<Mapping>
		<TableName>Demolition Man</TableName>
		<RomName>dm</RomName>
	</Mapping>
	<Mapping>
		<TableName>Diamond Lady</TableName>
		<RomName>diamond</RomName>
	</Mapping>
	<Mapping>
		<TableName>Diner</TableName>
		<RomName>diner</RomName>
	</Mapping>
	<Mapping>
		<TableName>Dirty Harry</TableName>
		<RomName>dh</RomName>
	</Mapping>
	<Mapping>
		<TableName>Doctor Who</TableName>
		<RomName>dw</RomName>
	</Mapping>
	<Mapping>
		<TableName>Dolly Parton</TableName>
		<RomName>dollyptb</RomName>
	</Mapping>
	<Mapping>
		<TableName>Dr. Dude</TableName>
		<RomName>dd</RomName>
	</Mapping>
	<Mapping>
		<TableName>Dracula</TableName>
		<RomName>dracula</RomName>
	</Mapping>
	<Mapping>
		<TableName>Dragon</TableName>
		<RomName>dragon</RomName>
	</Mapping>
	<Mapping>
		<TableName>Earthshaker</TableName>
		<RomName>esha</RomName>
	</Mapping>
	<Mapping>
		<TableName>Eight Ball</TableName>
		<RomName>eightbll</RomName>
	</Mapping>
	<Mapping>
		<TableName>Eight Ball Deluxe</TableName>
		<RomName>eballdlx</RomName>
	</Mapping>
	<Mapping>
		<TableName>El Dorado City of Gold</TableName>
		<RomName>eldorado</RomName>
	</Mapping>
	<Mapping>
		<TableName>Elvira and the Party Monsters</TableName>
		<RomName>eatpm</RomName>
	</Mapping>
	<Mapping>
		<TableName>Elvis</TableName>
		<RomName>elvis</RomName>
	</Mapping>
	<Mapping>
		<TableName>F-14 Tomcat</TableName>
		<RomName>f14</RomName>
	</Mapping>
	<Mapping>
		<TableName>Fathom</TableName>
		<RomName>fathom</RomName>
	</Mapping>
	<Mapping>
		<TableName>Fireball</TableName>
		<RomName>fireball_1972</RomName>
	</Mapping>
	<Mapping>
		<TableName>Firepower</TableName>
		<RomName>frpwr</RomName>
	</Mapping>
	<Mapping>
		<TableName>Fish Tales</TableName>
		<RomName>ft</RomName>
	</Mapping>
	<Mapping>
		<TableName>Flash</TableName>
		<RomName>flash</RomName>
	</Mapping>
	<Mapping>
		<TableName>Flash Gordon</TableName>
		<RomName>flashgdn</RomName>
	</Mapping>
	<Mapping>
		<TableName>Flight 2000</TableName>
		<RomName>flight2k</RomName>
	</Mapping>
	<Mapping>
		<TableName>Frankenstein</TableName>
		<RomName>frankst</RomName>
	</Mapping>
	<Mapping>
		<TableName>Funhouse</TableName>
		<RomName>fh</RomName>
	</Mapping>
	<Mapping>
		<TableName>Galaxy</TableName>
		<RomName>galaxy</RomName>
	</Mapping>
	<Mapping>
		<TableName>Gilligan&apos;s Island</TableName>
		<RomName>gi</RomName>
	</Mapping>
	<Mapping>
		<TableName>Godzilla</TableName>
		<RomName>godzilla</RomName>
	</Mapping>
	<Mapping>
		<TableName>Golden Cue</TableName>
		<RomName>goldcue</RomName>
	</Mapping>
	<Mapping>
		<TableName>Goldeneye</TableName>
		<RomName>gldneye</RomName>
	</Mapping>
	<Mapping>
		<TableName>Gorgar</TableName>
		<RomName>grgar</RomName>
	</Mapping>
	<Mapping>
		<TableName>Grand Lizard</TableName>
		<RomName>grand</RomName>
	</Mapping>
	<Mapping>
		<TableName>Grand Prix</TableName>
		<RomName>gprix</RomName>
	</Mapping>
	<Mapping>
		<TableName>Guns And Roses</TableName>
		<RomName>gnr</RomName>
	</Mapping>
	<Mapping>
		<TableName>Harlem Globetrotters On Tour</TableName>
		<RomName>hglbtrtb</RomName>
	</Mapping>
	<Mapping>
		<TableName>Harley Davidson</TableName>
		<RomName>hd</RomName>
	</Mapping>
	<Mapping>
		<TableName>High Roller Casino</TableName>
		<RomName>hirolcas</RomName>
	</Mapping>
	<Mapping>
		<TableName>High Speed</TableName>
		<RomName>hs</RomName>
	</Mapping>
	<Mapping>
		<TableName>Hurricane</TableName>
		<RomName>hurr</RomName>
	</Mapping>
	<Mapping>
		<TableName>Independence Day</TableName>
		<RomName>id4</RomName>
	</Mapping>
	<Mapping>
		<TableName>Indiana Jones The Pinball Adventure</TableName>
		<RomName>ij</RomName>
	</Mapping>
	<Mapping>
		<TableName>Indianapolis 500</TableName>
		<RomName>i500</RomName>
	</Mapping>
	<Mapping>
		<TableName>Iron Maiden</TableName>
		<RomName>ironmaid</RomName>
	</Mapping>
	<Mapping>
		<TableName>Jackbot</TableName>
		<RomName>jb</RomName>
	</Mapping>
	<Mapping>
		<TableName>James Bond</TableName>
		<RomName>jamesb2</RomName>
	</Mapping>
	<Mapping>
		<TableName>Johnny Mnemonic</TableName>
		<RomName>jm</RomName>
	</Mapping>
	<Mapping>
		<TableName>Jokerz!</TableName>
		<RomName>jokrz</RomName>
	</Mapping>
	<Mapping>
		<TableName>Judge Dredd</TableName>
		<RomName>jd</RomName>
	</Mapping>
	<Mapping>
		<TableName>Jurassic Park</TableName>
		<RomName>jupk</RomName>
	</Mapping>
	<Mapping>
		<TableName>Kingpin</TableName>
		<RomName>kpv</RomName>
	</Mapping>
	<Mapping>
		<TableName>Kings of Steel</TableName>
		<RomName>kosteel</RomName>
	</Mapping>
	<Mapping>
		<TableName>KISS</TableName>
		<RomName>kiss</RomName>
	</Mapping>
	<Mapping>
		<TableName>Lethal Weapon 3</TableName>
		<RomName>lw3</RomName>
	</Mapping>
	<Mapping>
		<TableName>Lightning</TableName>
		<RomName>lightnin</RomName>
	</Mapping>
	<Mapping>
		<TableName>Lost in Space</TableName>
		<RomName>lostspc</RomName>
	</Mapping>
	<Mapping>
		<TableName>Lost World</TableName>
		<RomName>lostw</RomName>
	</Mapping>
	<Mapping>
		<TableName>Mata Hari</TableName>
		<RomName>matahari</RomName>
	</Mapping>
	<Mapping>
		<TableName>Medieval Madness</TableName>
		<RomName>mm</RomName>
	</Mapping>
	<Mapping>
		<TableName>Medusa</TableName>
		<RomName>medusa</RomName>
	</Mapping>
	<Mapping>
		<TableName>Monopoly</TableName>
		<RomName>monopoly</RomName>
	</Mapping>
	<Mapping>
		<TableName>Monster Bash</TableName>
		<RomName>mb</RomName>
	</Mapping>
	<Mapping>
		<TableName>Mousin Around</TableName>
		<RomName>mousn</RomName>
	</Mapping>
	<Mapping>
		<TableName>Haunted House</TableName>
		<RomName>hh</RomName>
	</Mapping>
	<Mapping>
		<TableName>Nascar</TableName>
		<RomName>nascar</RomName>
	</Mapping>
	<Mapping>
		<TableName>NBA Fastbreak</TableName>
		<RomName>nbaf</RomName>
	</Mapping>
	<Mapping>
		<TableName>Nine Ball</TableName>
		<RomName>ninebal</RomName>
	</Mapping>
	<Mapping>
		<TableName>Nitro Ground Shaker</TableName>
		<RomName>ngndshkr</RomName>
	</Mapping>
	<Mapping>
		<TableName>No Fear</TableName>
		<RomName>nf</RomName>
	</Mapping>
	<Mapping>
		<TableName>No Good Gofers</TableName>
		<RomName>ngg</RomName>
	</Mapping>
	<Mapping>
		<TableName>Party Animal</TableName>
		<RomName>prtyanim</RomName>
	</Mapping>
	<Mapping>
		<TableName>Pharaoh</TableName>
		<RomName>pharo</RomName>
	</Mapping>
	<Mapping>
		<TableName>Pinball Champ</TableName>
		<RomName>pinchamp</RomName>
	</Mapping>
	<Mapping>
		<TableName>Pinbot</TableName>
		<RomName>pb</RomName>
	</Mapping>
	<Mapping>
		<TableName>Pink Panther</TableName>
		<RomName>pnkpnthr</RomName>
	</Mapping>
	<Mapping>
		<TableName>Playboy</TableName>
		<RomName>playboyb</RomName>
	</Mapping>
	<Mapping>
		<TableName>Playboy 35th Anniversairy</TableName>
		<RomName>play</RomName>
	</Mapping>
	<Mapping>
		<TableName>Police Force</TableName>
		<RomName>polic</RomName>
	</Mapping>
	<Mapping>
		<TableName>Power Play</TableName>
		<RomName>pwerplay</RomName>
	</Mapping>
	<Mapping>
		<TableName>Radical</TableName>
		<RomName>radcl</RomName>
	</Mapping>
	<Mapping>
		<TableName>Red and </TableName>
		<RomName>rs</RomName>
	</Mapping>
	<Mapping>
		<TableName>Rescue 911</TableName>
		<RomName>rescu911</RomName>
	</Mapping>
	<Mapping>
		<TableName>Ripley\&apos;s Believe It or Not</TableName>
		<RomName>ripleys</RomName>
	</Mapping>
	<Mapping>
		<TableName>Road Kings</TableName>
		<RomName>rdkng</RomName>
	</Mapping>
	<Mapping>
		<TableName>Road Runner</TableName>
		<RomName>roadrunr</RomName>
	</Mapping>
	<Mapping>
		<TableName>Robo Wars</TableName>
		<RomName>robowars</RomName>
	</Mapping>
	<Mapping>
		<TableName>Robocop</TableName>
		<RomName>robo</RomName>
	</Mapping>
	<Mapping>
		<TableName>Adventures of Rocky and Bullwinkle and Friends</TableName>
		<RomName>rab</RomName>
	</Mapping>
	<Mapping>
		<TableName>Roller Coaster Tycoon</TableName>
		<RomName>rctycn</RomName>
	</Mapping>
	<Mapping>
		<TableName>Rollergames</TableName>
		<RomName>rollr</RomName>
	</Mapping>
	<Mapping>
		<TableName>Rolling Stones</TableName>
		<RomName>rollstob</RomName>
	</Mapping>
	<Mapping>
		<TableName>Royal Flush/Deluxe/Supreme</TableName>
		<RomName>rflshdlx</RomName>
	</Mapping>
	<Mapping>
		<TableName>Scared Stiff</TableName>
		<RomName>SS</RomName>
	</Mapping>
	<Mapping>
		<TableName>Seawitch</TableName>
		<RomName>seawitch</RomName>
	</Mapping>
	<Mapping>
		<TableName>Secret Service</TableName>
		<RomName>ssvc</RomName>
	</Mapping>
	<Mapping>
		<TableName>Silverball Mania</TableName>
		<RomName>slbmania</RomName>
	</Mapping>
	<Mapping>
		<TableName>Solar Ride</TableName>
		<RomName>solaride</RomName>
	</Mapping>
	<Mapping>
		<TableName>Sorcerer</TableName>
		<RomName>sorcr</RomName>
	</Mapping>
	<Mapping>
		<TableName>South Park</TableName>
		<RomName>sprk</RomName>
	</Mapping>
	<Mapping>
		<TableName>Space Invaders</TableName>
		<RomName>spaceinv</RomName>
	</Mapping>
	<Mapping>
		<TableName>Mystic Star</TableName>
		<RomName>myststar</RomName>
	</Mapping>
	<Mapping>
		<TableName>Space Shuttle</TableName>
		<RomName>sshtl</RomName>
	</Mapping>
	<Mapping>
		<TableName>Spectrum</TableName>
		<RomName>spectru4</RomName>
	</Mapping>
	<Mapping>
		<TableName>Star Trek</TableName>
		<RomName>startrek</RomName>
	</Mapping>
	<Mapping>
		<TableName>Star Trek 25th Anniversary</TableName>
		<RomName>trek</RomName>
	</Mapping>
	<Mapping>
		<TableName>Star Trek The Next Generation</TableName>
		<RomName>sttng</RomName>
	</Mapping>
	<Mapping>
		<TableName>Star Wars</TableName>
		<RomName>stwr</RomName>
	</Mapping>
	<Mapping>
		<TableName>Star God</TableName>
		<RomName>stargod</RomName>
	</Mapping>
	<Mapping>
		<TableName>Starship Troopers</TableName>
		<RomName>startrp</RomName>
	</Mapping>
	<Mapping>
		<TableName>Strange Science</TableName>
		<RomName>strngsci</RomName>
	</Mapping>
	<Mapping>
		<TableName>Strikes and Spares</TableName>
		<RomName>stk</RomName>
	</Mapping>
	<Mapping>
		<TableName>Super Mario Bros</TableName>
		<RomName>smb3</RomName>
	</Mapping>
	<Mapping>
		<TableName>Tales from the Crypt</TableName>
		<RomName>tftc</RomName>
	</Mapping>
	<Mapping>
		<TableName>Tales of the Arabian Nights</TableName>
		<RomName>totan</RomName>
	</Mapping>
	<Mapping>
		<TableName>Taxi</TableName>
		<RomName>taxi</RomName>
	</Mapping>
	<Mapping>
		<TableName>Tee&apos;d Off</TableName>
		<RomName>teedoff3</RomName>
	</Mapping>
	<Mapping>
		<TableName>Teenage Mutant Ninja Turtles</TableName>
		<RomName>tmnt</RomName>
	</Mapping>
	<Mapping>
		<TableName>Terminator 2 Judgement Day</TableName>
		<RomName>t2</RomName>
	</Mapping>
	<Mapping>
		<TableName>Terminator 3 Rise of the Machines</TableName>
		<RomName>term3</RomName>
	</Mapping>
	<Mapping>
		<TableName>The Addams Family</TableName>
		<RomName>taf</RomName>
	</Mapping>
	<Mapping>
		<TableName>The Bally Game Show</TableName>
		<RomName>gs</RomName>
	</Mapping>
	<Mapping>
		<TableName>The Flintstones</TableName>
		<RomName>fs</RomName>
	</Mapping>
	<Mapping>
		<TableName>The Getaway High Speed II</TableName>
		<RomName>gw</RomName>
	</Mapping>
	<Mapping>
		<TableName>The Lord of the Rings</TableName>
		<RomName>lotr</RomName>
	</Mapping>
	<Mapping>
		<TableName>The Machine Bride of Pinbot</TableName>
		<RomName>bop</RomName>
	</Mapping>
	<Mapping>
		<TableName>The Party Zone</TableName>
		<RomName>pz</RomName>
	</Mapping>
	<Mapping>
		<TableName>The Phantom Of The Opera</TableName>
		<RomName>poto</RomName>
	</Mapping>
	<Mapping>
		<TableName>The Shadow</TableName>
		<RomName>ts</RomName>
	</Mapping>
	<Mapping>
		<TableName>The Simpsons</TableName>
		<RomName>simp</RomName>
	</Mapping>
	<Mapping>
		<TableName>The Simpsons Pinball Party</TableName>
		<RomName>simpprty</RomName>
	</Mapping>
	<Mapping>
		<TableName>The Sopranos</TableName>
		<RomName>sopranos</RomName>
	</Mapping>
	<Mapping>
		<TableName>The Time Machine</TableName>
		<RomName>tmac</RomName>
	</Mapping>
	<Mapping>
		<TableName>The Twilight Zone</TableName>
		<RomName>tz</RomName>
	</Mapping>
	<Mapping>
		<TableName>Theatre of Magic</TableName>
		<RomName>tom</RomName>
	</Mapping>
	<Mapping>
		<TableName>Spider-Man</TableName>
		<RomName>sman</RomName>
	</Mapping>
	<Mapping>
		<TableName>Tommy The Pinball Wizard</TableName>
		<RomName>tomy</RomName>
	</Mapping>
	<Mapping>
		<TableName>Triple Strike</TableName>
		<RomName>triplestrike</RomName>
	</Mapping>
	<Mapping>
		<TableName>Truck Stop</TableName>
		<RomName>trucksp3</RomName>
	</Mapping>
	<Mapping>
		<TableName>Twister</TableName>
		<RomName>twst</RomName>
	</Mapping>
	<Mapping>
		<TableName>Viper Night Drivin</TableName>
		<RomName>viprsega</RomName>
	</Mapping>
	<Mapping>
		<TableName>Whirlwind</TableName>
		<RomName>whirl</RomName>
	</Mapping>
	<Mapping>
		<TableName>White Water</TableName>
		<RomName>ww</RomName>
	</Mapping>
	<Mapping>
		<TableName>Who Dunnit</TableName>
		<RomName>wd</RomName>
	</Mapping>
	<Mapping>
		<TableName>Wipeout</TableName>
		<RomName>wipeout</RomName>
	</Mapping>
	<Mapping>
		<TableName>World Cup Soccer</TableName>
		<RomName>wcs</RomName>
	</Mapping>
	<Mapping>
		<TableName>WWF Royal Rumble</TableName>
		<RomName>wwfr</RomName>
	</Mapping>
	<Mapping>
		<TableName>X-Files</TableName>
		<RomName>xfiles</RomName>
	</Mapping>
	<Mapping>
		<TableName>Xenon</TableName>
		<RomName>Xenon</RomName>
	</Mapping>
	<Mapping>
		<TableName>Tron</TableName>
		<RomName>trn</RomName>
	</Mapping>
	<Mapping>
		<TableName>Dark Knight</TableName>
		<RomName>bdk</RomName>
	</Mapping>
	<Mapping>
		<TableName>NBA</TableName>
		<RomName>nba</RomName>
	</Mapping>
	<Mapping>
		<TableName>Family Guy</TableName>
		<RomName>fg</RomName>
	</Mapping>
	<Mapping>
		<TableName>Shrek</TableName>
		<RomName>shr</RomName>
	</Mapping>
	<Mapping>
		<TableName>ACDC</TableName>
		<RomName>acd</RomName>
	</Mapping>
	<Mapping>
		<TableName>X-Men</TableName>
		<RomName>xmen</RomName>
	</Mapping>
	<Mapping>
		<TableName>Transformers</TableName>
		<RomName>tf</RomName>
	</Mapping>
	<Mapping>
		<TableName>Avatar</TableName>
		<RomName>avr</RomName>
	</Mapping>
	<Mapping>
		<TableName>Future Spa</TableName>
		<RomName>futurspa</RomName>
	</Mapping>
	<Mapping>
		<TableName>Free Fall</TableName>
		<RomName>freefall</RomName>
	</Mapping>
	<Mapping>
		<TableName>Paragon</TableName>
		<RomName>paragon</RomName>
	</Mapping>
	<Mapping>
		<TableName>Corvette</TableName>
		<RomName>corv</RomName>
	</Mapping>
	<Mapping>
		<TableName>Deadly Weapon</TableName>
		<RomName>deadweap</RomName>
	</Mapping>
	<Mapping>
		<TableName>Sharp Shooter</TableName>
		<RomName>sshooter</RomName>
	</Mapping>
	<Mapping>
		<TableName>Star Wars Trilogy</TableName>
		<RomName>swtril43</RomName>
	</Mapping>
	<Mapping>
		<TableName>Genesis</TableName>
		<RomName>genesis</RomName>
	</Mapping>
	<Mapping>
		<TableName>Cosmic Gunfight</TableName>
		<RomName>csmic</RomName>
	</Mapping>
	<Mapping>
		<TableName>Als Garage Band</TableName>
		<RomName>wrldtou2</RomName>
	</Mapping>
	<Mapping>
		<TableName>Arena</TableName>
		<RomName>arena</RomName>
	</Mapping>
	<Mapping>
		<TableName>Big House</TableName>
		<RomName>bighouse</RomName>
	</Mapping>
	<Mapping>
		<TableName>Big Hurt</TableName>
		<RomName>bighurt</RomName>
	</Mapping>
	<Mapping>
		<TableName>Black Hole</TableName>
		<RomName>blckhole</RomName>
	</Mapping>
	<Mapping>
		<TableName>Cyclopes</TableName>
		<RomName>cyclopes</RomName>
	</Mapping>
	<Mapping>
		<TableName>Devil Riders</TableName>
		<RomName>dvlrider</RomName>
	</Mapping>
	<Mapping>
		<TableName>Faeton</TableName>
		<RomName>faeton</RomName>
	</Mapping>
	<Mapping>
		<TableName>Frontier</TableName>
		<RomName>frontie</RomName>
	</Mapping>
	<Mapping>
		<TableName>Junk Yard</TableName>
		<RomName>jy</RomName>
	</Mapping>
	<Mapping>
		<TableName>Laser Cue</TableName>
		<RomName>lsrcu</RomName>
	</Mapping>
	<Mapping>
		<TableName>Metalman</TableName>
		<RomName>metalman</RomName>
	</Mapping>
	<Mapping>
		<TableName>Qberts Quest</TableName>
		<RomName>qbquest</RomName>
	</Mapping>
	<Mapping>
		<TableName>Riverboat Gambler</TableName>
		<RomName>rvrbt</RomName>
	</Mapping>
	<Mapping>
		<TableName>Stargate</TableName>
		<RomName>stargat4</RomName>
	</Mapping>
	<Mapping>
		<TableName>Swords of Fury</TableName>
		<RomName>swrds</RomName>
	</Mapping>
	<Mapping>
		<TableName>Trailer</TableName>
		<RomName>trailer</RomName>
	</Mapping>
	<Mapping>
		<TableName>L&apos;Hexagone</TableName>
		<RomName>hexagone</RomName>
	</Mapping>
	<Mapping>
		<TableName>Mr and Mrs Pacman</TableName>
		<RomName>m_mpac</RomName>
	</Mapping>
	<Mapping>
		<TableName>Eight Ball Champ</TableName>
		<RomName>eballchp</RomName>
	</Mapping>
	<Mapping>
		<TableName>Cosmic Princess</TableName>
		<RomName>princess</RomName>
	</Mapping>
	<Mapping>
		<TableName>Close Encounters Of The Third Kind</TableName>
		<RomName>closeenc</RomName>
	</Mapping>
	<Mapping>
		<TableName>Flipper Football</TableName>
		<RomName>ffv104</RomName>
	</Mapping>
	<Mapping>
		<TableName>Genie</TableName>
		<RomName>genie</RomName>
	</Mapping>
	<Mapping>
		<TableName>Ice Fever</TableName>
		<RomName>icefever</RomName>
	</Mapping>
	<Mapping>
		<TableName>Mystic</TableName>
		<RomName>mysticb</RomName>
	</Mapping>
	<Mapping>
		<TableName>Bad Girls</TableName>
		<RomName>badgirls</RomName>
	</Mapping>
	<Mapping>
		<TableName>Charlies Angels</TableName>
		<RomName>charlies</RomName>
	</Mapping>
	<Mapping>
		<TableName>Embryon</TableName>
		<RomName>embryon</RomName>
	</Mapping>
	<Mapping>
		<TableName>Hot Hand</TableName>
		<RomName>hothand</RomName>
	</Mapping>
	<Mapping>
		<TableName>Street Fighter II</TableName>
		<RomName>sfight2</RomName>
	</Mapping>
	<Mapping>
		<TableName>Supersonic</TableName>
		<RomName>sst</RomName>
	</Mapping>
	<Mapping>
		<TableName>Pinball Pool</TableName>
		<RomName>pinpool</RomName>
	</Mapping>
	<Mapping>
		<TableName>Raven</TableName>
		<RomName>raven</RomName>
	</Mapping>
	<Mapping>
		<TableName>Stars</TableName>
		<RomName>stars</RomName>
	</Mapping>
	<Mapping>
		<TableName>Spirit</TableName>
		<RomName>spirit</RomName>
	</Mapping>
	<Mapping>
		<TableName>Trident</TableName>
		<RomName>trident</RomName>
	</Mapping>
	<Mapping>
		<TableName>Vegas</TableName>
		<RomName>vegas</RomName>
	</Mapping>
	<Mapping>
		<TableName>Vortex</TableName>
		<RomName>vortex</RomName>
	</Mapping>
	<Mapping>
		<TableName>Lectronamo</TableName>
		<RomName>lectrono</RomName>
	</Mapping>
	<Mapping>
		<TableName>Panthera</TableName>
		<RomName>panthera</RomName>
	</Mapping>
	<Mapping>
		<TableName>Rocky</TableName>
		<RomName>rocky</RomName>
	</Mapping>
	<Mapping>
		<TableName>Atlantis</TableName>
		<RomName>atlantis</RomName>
	</Mapping>
	<Mapping>
		<TableName>Popeye Saves the Earth</TableName>
		<RomName>pop</RomName>
	</Mapping>
	<Mapping>
		<TableName>Disco Fever</TableName>
		<RomName>disco</RomName>
	</Mapping>
	<Mapping>
		<TableName>Hook</TableName>
		<RomName>hook</RomName>
	</Mapping>
	<Mapping>
		<TableName>Rolling Stones (Stern 2011)</TableName>
		<RomName>rsn</RomName>
	</Mapping>
	<Mapping>
		<TableName>Wheel Of Fortune</TableName>
		<RomName>wof</RomName>
	</Mapping>
	<Mapping>
		<TableName>Jolly Park</TableName>
		<RomName>jolypark</RomName>
	</Mapping>
	<Mapping>
		<TableName>Apollo 13</TableName>
		<RomName>apollo13</RomName>
	</Mapping>
	<Mapping>
		<TableName>The Lost World Jurassic Park</TableName>
		<RomName>jplstw</RomName>
	</Mapping>
	<Mapping>
		<TableName>Batman Forever</TableName>
		<RomName>batmanf</RomName>
	</Mapping>
	<Mapping>
		<TableName>Pinball Magic</TableName>
		<RomName>pmv112</RomName>
	</Mapping>
	<Mapping>
		<TableName>24</TableName>
		<RomName>twenty4</RomName>
	</Mapping>
	<Mapping>
		<TableName>Metallica</TableName>
		<RomName>mtl</RomName>
	</Mapping>
	<Mapping>
		<TableName>Maverick</TableName>
		<RomName>mav</RomName>
	</Mapping>
	<Mapping>
		<TableName>The Last Action Hero</TableName>
		<RomName>lah</RomName>
	</Mapping>
	<Mapping>
		<TableName>Robot</TableName>
		<RomName>robot</RomName>
	</Mapping>
	<Mapping>
		<TableName>Cybernaut</TableName>
		<RomName>cybrnaut</RomName>
	</Mapping>
	<Mapping>
		<TableName>Breakshot</TableName>
		<RomName>bsv103</RomName>
	</Mapping>
	<Mapping>
		<TableName>Big Brave</TableName>
		<RomName>BigBrave</RomName>
	</Mapping>
	<Mapping>
		<TableName>Scarface</TableName>
		<RomName>Scarface</RomName>
	</Mapping>
	<Mapping>
		<TableName>Playboy (Stern 2002)</TableName>
		<RomName>playboys</RomName>
	</Mapping>
	<Mapping>
		<TableName>Iron Man</TableName>
		<RomName>im2</RomName>
	</Mapping>
	<Mapping>
		<TableName>Space Station</TableName>
		<RomName>spstn</RomName>
	</Mapping>
	<Mapping>
		<TableName>Safe Cracker</TableName>
		<RomName>sc</RomName>
	</Mapping>
	<Mapping>
		<TableName>Tri Zone</TableName>
		<RomName>trizn_l1</RomName>
	</Mapping>
	<Mapping>
		<TableName>Lady Luck</TableName>
		<RomName>LadyLuck</RomName>
	</Mapping>
	<Mapping>
		<TableName>Wrath of Olympus</TableName>
		<RomName>Wooly</RomName>
	</Mapping>
	<Mapping>
		<TableName>Laser War</TableName>
		<RomName>lwar</RomName>
	</Mapping>
	<Mapping>
		<TableName>The Avengers</TableName>
		<RomName>avg</RomName>
	</Mapping>
	<Mapping>
		<TableName>World Cup Soccer 78</TableName>
		<RomName>wldcp</RomName>
	</Mapping>
	<Mapping>
		<TableName>Baseball (Gottlieb 1970)</TableName>
		<RomName>Baseball</RomName>
	</Mapping>
	<Mapping>
		<TableName>Joker Poker</TableName>
		<RomName>jokrpokr</RomName>
	</Mapping>
	<Mapping>
		<TableName>Pirates of the Caribbean</TableName>
		<RomName>potc</RomName>
	</Mapping>
	<Mapping>
		<TableName>Car Hop</TableName>
		<RomName>carhop</RomName>
	</Mapping>
	<Mapping>
		<TableName>Abracadabra</TableName>
		<RomName>abracadabra</RomName>
	</Mapping>
	<Mapping>
		<TableName>AC/DC Music Table</TableName>
		<RomName>ACDC</RomName>
	</Mapping>
	<Mapping>
		<TableName>Black Sabbath 70s Music</TableName>
		<RomName>BS70_B2S</RomName>
	</Mapping>
	<Mapping>
		<TableName>Black Sabbath 80s Music</TableName>
		<RomName>BS80_B2S</RomName>
	</Mapping>
	<Mapping>
		<TableName>Greateful Dead Music</TableName>
		<RomName>GratefulDead_B2S</RomName>
	</Mapping>
	<Mapping>
		<TableName>Rush Music Table</TableName>
		<RomName>RUSH2112_B2S</RomName>
	</Mapping>
	<Mapping>
		<TableName>Star Trek (Stern 2013)</TableName>
		<RomName>st</RomName>
	</Mapping>
	<Mapping>
		<TableName>Big Hit</TableName>
		<RomName>bighit</RomName>
	</Mapping>
	<Mapping>
		<TableName>Big Valley</TableName>
		<RomName>bigvalley</RomName>
	</Mapping>
	<Mapping>
		<TableName>Capersville</TableName>
		<RomName>capersville</RomName>
	</Mapping>
	<Mapping>
		<TableName>Centigrade 37</TableName>
		<RomName>centigrade</RomName>
	</Mapping>
	<Mapping>
		<TableName>Super Soccer</TableName>
		<RomName>supersoccer</RomName>
	</Mapping>
	<Mapping>
		<TableName>Full</TableName>
		<RomName>full</RomName>
	</Mapping>
	<Mapping>
		<TableName>Impacto</TableName>
		<RomName>impacto</RomName>
	</Mapping>
	<Mapping>
		<TableName>Gridiron</TableName>
		<RomName>gridiron</RomName>
	</Mapping>
	<Mapping>
		<TableName>Shangrila</TableName>
		<RomName>Shangrila</RomName>
	</Mapping>
	<Mapping>
		<TableName>Yukon</TableName>
		<RomName>yukon</RomName>
	</Mapping>
	<Mapping>
		<TableName>New Stars Phoenix</TableName>
		<RomName>strsphnx</RomName>
	</Mapping>
	<Mapping>
		<TableName>Strange World</TableName>
		<RomName>strworld</RomName>
	</Mapping>
	<Mapping>
		<TableName>Sureshot</TableName>
		<RomName>sureshot</RomName>
	</Mapping>
	<Mapping>
		<TableName>Sky Rocket</TableName>
		<RomName>skyrocket</RomName>
	</Mapping>
	<Mapping>
		<TableName>Ghostbusters</TableName>
		<RomName>ghostbusters</RomName>
	</Mapping>
	<Mapping>
		<TableName>Captain Fantastic</TableName>
		<RomName>captfantastic</RomName>
	</Mapping>
	<Mapping>
		<TableName>Gator</TableName>
		<RomName>gator</RomName>
	</Mapping>
	<Mapping>
		<TableName>Surfer</TableName>
		<RomName>surfer</RomName>
	</Mapping>
	<Mapping>
		<TableName>Hit the Deck</TableName>
		<RomName>hitthedeck</RomName>
	</Mapping>
	<Mapping>
		<TableName>Honey</TableName>
		<RomName>honey</RomName>
	</Mapping>
	<Mapping>
		<TableName>Jacks Open</TableName>
		<RomName>jacksopen</RomName>
	</Mapping>
	<Mapping>
		<TableName>Kings and Queens</TableName>
		<RomName>kingsandqueens</RomName>
	</Mapping>
	<Mapping>
		<TableName>Dipsy Doodle</TableName>
		<RomName>dipsydoodle</RomName>
	</Mapping>
	<Mapping>
		<TableName>The Champion Pub</TableName>
		<RomName>cp</RomName>
	</Mapping>
	<Mapping>
		<TableName>See Saw</TableName>
		<RomName>seesaw</RomName>
	</Mapping>
	<Mapping>
		<TableName>Yellow Submarine</TableName>
		<RomName>yellowsub</RomName>
	</Mapping>
	<Mapping>
		<TableName>Four Million B.C.</TableName>
		<RomName>FourMBC</RomName>
	</Mapping>
	<Mapping>
		<TableName>Mars Trek</TableName>
		<RomName>marstrek</RomName>
	</Mapping>
	<Mapping>
		<TableName>Beatles 2013</TableName>
		<RomName>Beatles2013</RomName>
	</Mapping>
	<Mapping>
		<TableName>Evel Knievel</TableName>
		<RomName>evelknie</RomName>
	</Mapping>
	<Mapping>
		<TableName>King Kong</TableName>
		<RomName>kiko</RomName>
	</Mapping>
	<Mapping>
		<TableName>Ski Jump</TableName>
		<RomName>skijump</RomName>
	</Mapping>
	<Mapping>
		<TableName>King Tut</TableName>
		<RomName>kingtut</RomName>
	</Mapping>
	<Mapping>
		<TableName>Antar</TableName>
		<RomName>antar</RomName>
	</Mapping>
	<Mapping>
		<TableName>Jigglebox</TableName>
		<RomName>jigglebox</RomName>
	</Mapping>
	<Mapping>
		<TableName>Dragon Interflip</TableName>
		<RomName>dragoninterflip</RomName>
	</Mapping>
	<Mapping>
		<TableName>Knockout</TableName>
		<RomName>knockout</RomName>
	</Mapping>
	<Mapping>
		<TableName>Blue Chip</TableName>
		<RomName>BlueChip</RomName>
	</Mapping>
	<Mapping>
		<TableName>Jungle Queen</TableName>
		<RomName>junglequeen</RomName>
	</Mapping>
	<Mapping>
		<TableName>Mephisto JP</TableName>
		<RomName>Mphisto</RomName>
	</Mapping>
	<Mapping>
		<TableName>Sexy Girl</TableName>
		<RomName>playboy</RomName>
	</Mapping>
	<Mapping>
		<TableName>Defender</TableName>
		<RomName>dfndr</RomName>
	</Mapping>
	<Mapping>
		<TableName>Title Fight</TableName>
		<RomName>tfight</RomName>
	</Mapping>
	<Mapping>
		<TableName>Volley</TableName>
		<RomName>volley_1976</RomName>
	</Mapping>
	<Mapping>
		<TableName>Magnotron</TableName>
		<RomName>Magnotron_1974</RomName>
	</Mapping>
	<Mapping>
		<TableName>Old Chicago</TableName>
		<RomName>old_chicago_1975</RomName>
	</Mapping>
	<Mapping>
		<TableName>Jungle</TableName>
		<RomName>Jungle_1972</RomName>
	</Mapping>
	<Mapping>
		<TableName>Target Alpha</TableName>
		<RomName>Target_Alpha_1976</RomName>
	</Mapping>
	<Mapping>
		<TableName>Line Drive</TableName>
		<RomName>linedrive</RomName>
	</Mapping>
	<Mapping>
		<TableName>Super Star</TableName>
		<RomName>superstar</RomName>
	</Mapping>
	<Mapping>
		<TableName>Haunted Mansion</TableName>
		<RomName>hauntedmansion</RomName>
	</Mapping>
	<Mapping>
		<TableName>Pinball Universe</TableName>
		<RomName>PinballUniverse</RomName>
	</Mapping>
	<Mapping>
		<TableName>Geisha</TableName>
		<RomName>geisha_FS</RomName>
	</Mapping>
	<Mapping>
		<TableName>StratoFlite</TableName>
		<RomName>Stratoflite</RomName>
	</Mapping>
	<Mapping>
		<TableName>Hot Shot</TableName>
		<RomName>Hot_Shot_1973</RomName>
	</Mapping>
	<Mapping>
		<TableName>Far Out</TableName>
		<RomName>Far_Out_1974</RomName>
	</Mapping>
	<Mapping>
		<TableName>King Pin</TableName>
		<RomName>King_Pin_1973</RomName>
	</Mapping>
	<Mapping>
		<TableName>Sheriff</TableName>
		<RomName>Sheriff_1971</RomName>
	</Mapping>
	<Mapping>
		<TableName>Rugby</TableName>
		<RomName>rugby</RomName>
	</Mapping>
	<Mapping>
		<TableName>Spiderman JP</TableName>
		<RomName>spidermanjp</RomName>
	</Mapping>
	<Mapping>
		<TableName>Pirates of the Caribbean JP</TableName>
		<RomName>potcjp</RomName>
	</Mapping>
	<Mapping>
		<TableName>Superman</TableName>
		<RomName>superman</RomName>
	</Mapping>
	<Mapping>
		<TableName>Abracadabra_UP</TableName>
		<RomName>abracadabraup</RomName>
	</Mapping>
	<Mapping>
		<TableName>Skateball</TableName>
		<RomName>skateblb</RomName>
	</Mapping>
	<Mapping>
		<TableName>Firepower II</TableName>
		<RomName>fpwr2</RomName>
	</Mapping>
	<Mapping>
		<TableName>Jumaci</TableName>
		<RomName>Jumaci_1966</RomName>
	</Mapping>
	<Mapping>
		<TableName>Mustang</TableName>
		<RomName>mt_130</RomName>
	</Mapping>
	<Mapping>
		<TableName>Stingray</TableName>
		<RomName>stingray</RomName>
	</Mapping>
	<Mapping>
		<TableName>Fire!</TableName>
		<RomName>fire</RomName>
	</Mapping>
	<Mapping>
		<TableName>Grand Slam</TableName>
		<RomName>gransla</RomName>
	</Mapping>
	<Mapping>
		<TableName>Concorde</TableName>
		<RomName>Concorde</RomName>
	</Mapping>
	<Mapping>
		<TableName>Dungeons and Dragons</TableName>
		<RomName>dungdrag</RomName>
	</Mapping>
	<Mapping>
		<TableName>Sharkey s Shootout</TableName>
		<RomName>shrkysht</RomName>
	</Mapping>
	<Mapping>
		<TableName>Hearts and Spades</TableName>
		<RomName>Hearts_And_Spades</RomName>
	</Mapping>
	<Mapping>
		<TableName>Super Mario Bros. Mushroom World</TableName>
		<RomName>smbmush</RomName>
	</Mapping>
	<Mapping>
		<TableName>King of Diamonds</TableName>
		<RomName>King_Of_Diamonds</RomName>
	</Mapping>
	<Mapping>
		<TableName>Barbarella</TableName>
		<RomName>Barbarella</RomName>
	</Mapping>
	<Mapping>
		<TableName>Silver</TableName>
		<RomName>Silver</RomName>
	</Mapping>
	<Mapping>
		<TableName>Paradise</TableName>
		<RomName>Paradise_Gottlieb_1965</RomName>
	</Mapping>
	<Mapping>
		<TableName>Big Buck Hunter Pro</TableName>
		<RomName>bbh</RomName>
	</Mapping>
	<Mapping>
		<TableName>Blackwater 100</TableName>
		<RomName>black100</RomName>
	</Mapping>
	<Mapping>
		<TableName>Bugs Bunny Birthday Ball</TableName>
		<RomName>bbnny</RomName>
	</Mapping>
	<Mapping>
		<TableName>Xs and Os  </TableName>
		<RomName>xsandos</RomName>
	</Mapping>
	<Mapping>
		<TableName>Wild Fyre</TableName>
		<RomName>wildfyre</RomName>
	</Mapping>
	<Mapping>
		<TableName>Vector</TableName>
		<RomName>vector</RomName>
	</Mapping>
	<Mapping>
		<TableName>Voltan Escapes Cosmic Doom</TableName>
		<RomName>voltan</RomName>
	</Mapping>
	<Mapping>
		<TableName>Buck Rogers</TableName>
		<RomName>buckrgrs</RomName>
	</Mapping>
	<Mapping>
		<TableName>Spy Hunter</TableName>
		<RomName>spyhunt</RomName>
	</Mapping>
	<Mapping>
		<TableName>Bounty Hunter</TableName>
		<RomName>bountyh</RomName>
	</Mapping>
	<Mapping>
		<TableName>Farfalla</TableName>
		<RomName>farfalla</RomName>
	</Mapping>
	<Mapping>
		<TableName>Empire Strikes Back</TableName>
		<RomName>empsback</RomName>
	</Mapping>
	<Mapping>
		<TableName>Super Bowl</TableName>
		<RomName>suprbowl</RomName>
	</Mapping>
	<Mapping>
		<TableName>Asteroid Annie</TableName>
		<RomName>astannie</RomName>
	</Mapping>
	<Mapping>
		<TableName>Time Warp</TableName>
		<RomName>tmwrp</RomName>
	</Mapping>
	<Mapping>
		<TableName>Chicago Cubs Triple Play</TableName>
		<RomName>triplay</RomName>
	</Mapping>
	<Mapping>
		<TableName>Striker Xtreme</TableName>
		<RomName>strikext</RomName>
	</Mapping>
	<Mapping>
		<TableName>Trigon</TableName>
		<RomName>trigon</RomName>
	</Mapping>
	<Mapping>
		<TableName>Clown (Inder)</TableName>
		<RomName>pinclown</RomName>
	</Mapping>
	<Mapping>
		<TableName>Magic Castle</TableName>
		<RomName>mcastle</RomName>
	</Mapping>
	<Mapping>
		<TableName>Clown (Zaccaria)</TableName>
		<RomName>clown</RomName>
	</Mapping>
	<Mapping>
		<TableName>Sinbad</TableName>
		<RomName>sinbad</RomName>
	</Mapping>
	<Mapping>
		<TableName>Transporter the Rescue</TableName>
		<RomName>tsptr</RomName>
	</Mapping>
	<Mapping>
		<TableName>Hercules</TableName>
		<RomName>hercules</RomName>
	</Mapping>
	<Mapping>
		<TableName>Mystery Castle</TableName>
		<RomName>mystcas</RomName>
	</Mapping>
	<Mapping>
		<TableName>BMX</TableName>
		<RomName>bmx</RomName>
	</Mapping>
	<Mapping>
		<TableName>The Games</TableName>
		<RomName>thegames</RomName>
	</Mapping>
	<Mapping>
		<TableName>Escape from the Lost World</TableName>
		<RomName>esclwrld</RomName>
	</Mapping>
	<Mapping>
		<TableName>Elektra</TableName>
		<RomName>elektra</RomName>
	</Mapping>
	<Mapping>
		<TableName>Cactus Jack</TableName>
		<RomName>cactjack</RomName>
	</Mapping>
	<Mapping>
		<TableName>Pole Position</TableName>
		<RomName>poleposn</RomName>
	</Mapping>
	<Mapping>
		<TableName>Agents 777</TableName>
		<RomName>agent777</RomName>
	</Mapping>
	<Mapping>
		<TableName>Aaron Spelling</TableName>
		<RomName>aar</RomName>
	</Mapping>
	<Mapping>
		<TableName>Airborne Avenger</TableName>
		<RomName>aavenger</RomName>
	</Mapping>
	<Mapping>
		<TableName>Algar</TableName>
		<RomName>algar</RomName>
	</Mapping>
	<Mapping>
		<TableName>America 1942</TableName>
		<RomName>america</RomName>
	</Mapping>
	<Mapping>
		<TableName>Andromeda</TableName>
		<RomName>androme</RomName>
	</Mapping>
	<Mapping>
		<TableName>Split Second</TableName>
		<RomName>splitsec</RomName>
	</Mapping>
	<Mapping>
		<TableName>Escape</TableName>
		<RomName>escape</RomName>
	</Mapping>
	<Mapping>
		<TableName>FJ</TableName>
		<RomName>fjholden</RomName>
	</Mapping>
	<Mapping>
		<TableName>Miss World</TableName>
		<RomName>missworld</RomName>
	</Mapping>
	<Mapping>
		<TableName>Force II</TableName>
		<RomName>forceii</RomName>
	</Mapping>
	<Mapping>
		<TableName>King Rock</TableName>
		<RomName>KingRock_1972</RomName>
	</Mapping>
	<Mapping>
		<TableName>Flicker</TableName>
		<RomName>flicker</RomName>
	</Mapping>
	<Mapping>
		<TableName>Fireball II</TableName>
		<RomName>fball</RomName>
	</Mapping>
	<Mapping>
		<TableName>Catacomb</TableName>
		<RomName>cataco</RomName>
	</Mapping>
	<Mapping>
		<TableName>Atlantis (Gottlieb)</TableName>
		<RomName>Atlantis_1975</RomName>
	</Mapping>
	<Mapping>
		<TableName>Gladiators</TableName>
		<RomName>gladiatr</RomName>
	</Mapping>
	<Mapping>
		<TableName>Contact</TableName>
		<RomName>cntct</RomName>
	</Mapping>
	<Mapping>
		<TableName>Attila the Hun</TableName>
		<RomName>attila</RomName>
	</Mapping>
	<Mapping>
		<TableName>Magic</TableName>
		<RomName>magic</RomName>
	</Mapping>
	<Mapping>
		<TableName>Time Fantasy</TableName>
		<RomName>tmfnt</RomName>
	</Mapping>
	<Mapping>
		<TableName>Fast Draw EM</TableName>
		<RomName>Fast_Draw_1975</RomName>
	</Mapping>
	<Mapping>
		<TableName>Spin Out</TableName>
		<RomName>SpinOut_1975</RomName>
	</Mapping>
	<Mapping>
		<TableName>Krull</TableName>
		<RomName>krull</RomName>
	</Mapping>
	<Mapping>
		<TableName>Goin&apos; Nuts</TableName>
		<RomName>goinnuts</RomName>
	</Mapping>
	<Mapping>
		<TableName>Totem</TableName>
		<RomName>totem</RomName>
	</Mapping>
	<Mapping>
		<TableName>Kuwait</TableName>
		<RomName>Kuwait</RomName>
	</Mapping>
	<Mapping>
		<TableName>Gamatron</TableName>
		<RomName>gamatron</RomName>
	</Mapping>
	<Mapping>
		<TableName>Penthouse</TableName>
		<RomName>penthouse</RomName>
	</Mapping>
	<Mapping>
		<TableName>Gork</TableName>
		<RomName>gork</RomName>
	</Mapping>
	<Mapping>
		<TableName>Harley Davidson Sega</TableName>
		<RomName>harl</RomName>
	</Mapping>
	<Mapping>
		<TableName>Gold Ball</TableName>
		<RomName>goldbal</RomName>
	</Mapping>
	<Mapping>
		<TableName>Walking Dead, The</TableName>
		<RomName>twd</RomName>
	</Mapping>
	<Mapping>
		<TableName>Freedom</TableName>
		<RomName>freedom</RomName>
	</Mapping>
	<Mapping>
		<TableName>Verne&apos;s World</TableName>
		<RomName>vrnwrld</RomName>
	</Mapping>
	<Mapping>
		<TableName>Earth Wind Fire</TableName>
		<RomName>ewf</RomName>
	</Mapping>
	<Mapping>
		<TableName>Gold Wings</TableName>
		<RomName>goldwing</RomName>
	</Mapping>
	<Mapping>
		<TableName>Global Warfare</TableName>
		<RomName>gwarfare</RomName>
	</Mapping>
	<Mapping>
		<TableName>Cleopatra</TableName>
		<RomName>cleoptra</RomName>
	</Mapping>
	<Mapping>
		<TableName>Incredible Hulk, The</TableName>
		<RomName>hulk</RomName>
	</Mapping>
	<Mapping>
		<TableName>Top Score</TableName>
		<RomName>GottliebTopScore_1975</RomName>
	</Mapping>
	<Mapping>
		<TableName>Hard Body</TableName>
		<RomName>hardbody</RomName>
	</Mapping>
	<Mapping>
		<TableName>Strawman</TableName>
		<RomName>strawman</RomName>
	</Mapping>
	<Mapping>
		<TableName>Hotdoggin&apos;</TableName>
		<RomName>hotdogg</RomName>
	</Mapping>
	<Mapping>
		<TableName>Time Machine (Zaccaria)</TableName>
		<RomName>tmachzac</RomName>
	</Mapping>
	<Mapping>
		<TableName>Hoe Down</TableName>
		<RomName>hoedown</RomName>
	</Mapping>
	<Mapping>
		<TableName>World Poker Tour</TableName>
		<RomName>wpt</RomName>
	</Mapping>
	<Mapping>
		<TableName>Quicksilver</TableName>
		<RomName>quicks</RomName>
	</Mapping>
	<Mapping>
		<TableName>Indiana Jones (Stern)</TableName>
		<RomName>ij4</RomName>
	</Mapping>
	<Mapping>
		<TableName>Devil&apos;s Dare</TableName>
		<RomName>dvlsdre</RomName>
	</Mapping>
	<Mapping>
		<TableName>Punchy the Clown</TableName>
		<RomName>punchy</RomName>
	</Mapping>
	<Mapping>
		<TableName>CSI</TableName>
		<RomName>csi</RomName>
	</Mapping>
	<Mapping>
		<TableName>Hawkman</TableName>
		<RomName>hawkman</RomName>
	</Mapping>
	<Mapping>
		<TableName>Waterworld</TableName>
		<RomName>waterwld</RomName>
	</Mapping>
	<Mapping>
		<TableName>America&apos;s Most Haunted</TableName>
		<RomName>americamosthaunted</RomName>
	</Mapping>
	<Mapping>
		<TableName>Heavy Metal (Rowamet)</TableName>
		<RomName>heavymtl</RomName>
	</Mapping>
	<Mapping>
		<TableName>Heavy Metal Meltdown</TableName>
		<RomName>hvymetal</RomName>
	</Mapping>
	<Mapping>
		<TableName>Hot Wheels</TableName>
		<RomName>hotwheel</RomName>
	</Mapping>
	<Mapping>
		<TableName>Howzat</TableName>
		<RomName>howzat</RomName>
	</Mapping>
	<Mapping>
		<TableName>New Wave</TableName>
		<RomName>newwave</RomName>
	</Mapping>
	<Mapping>
		<TableName>Hot Tip</TableName>
		<RomName>httip_l1</RomName>
	</Mapping>
	<Mapping>
		<TableName>MIBS</TableName>
		<RomName>MIBS_1969</RomName>
	</Mapping>
	<Mapping>
		<TableName>PinballX</TableName>
		<RomName>PinballX</RomName>
	</Mapping>
	<Mapping>
		<TableName>Black Belt (Bally)</TableName>
		<RomName>blackblt</RomName>
	</Mapping>
	<Mapping>
		<TableName>Black Sheep Squadron</TableName>
		<RomName>blkshpsq</RomName>
	</Mapping>
	<Mapping>
		<TableName>Jacks to Open</TableName>
		<RomName>jack2opn</RomName>
	</Mapping>
	<Mapping>
		<TableName>OXO</TableName>
		<RomName>OXO</RomName>
	</Mapping>
	<Mapping>
		<TableName>Captain Hook</TableName>
		<RomName>cpthook</RomName>
	</Mapping>
	<Mapping>
		<TableName>Counterforce</TableName>
		<RomName>cntforce</RomName>
	</Mapping>
	<Mapping>
		<TableName>Fire Mountain</TableName>
		<RomName>firemntn</RomName>
	</Mapping>
	<Mapping>
		<TableName>Road Race</TableName>
		<RomName>RoadRace_1969</RomName>
	</Mapping>
	<Mapping>
		<TableName>Lap by Lap</TableName>
		<RomName>lapbylap</RomName>
	</Mapping>
	<Mapping>
		<TableName>Jumping Jack</TableName>
		<RomName>Jumping_Jack</RomName>
	</Mapping>
	<Mapping>
		<TableName>Excalibur</TableName>
		<RomName>excalibr</RomName>
	</Mapping>
	<Mapping>
		<TableName>Locomotion</TableName>
		<RomName>locomotn</RomName>
	</Mapping>
	<Mapping>
		<TableName>Lights, Camera, Action (Gottlieb 1989)</TableName>
		<RomName>lca</RomName>
	</Mapping>
	<Mapping>
		<TableName>Laser Ball</TableName>
		<RomName>lzbal</RomName>
	</Mapping>
	<Mapping>
		<TableName>Future Queen</TableName>
		<RomName>futrquen</RomName>
	</Mapping>
	<Mapping>
		<TableName>Orbitor 1</TableName>
		<RomName>orbito</RomName>
	</Mapping>
	<Mapping>
		<TableName>Snow Derby</TableName>
		<RomName>SnowDerby_1970</RomName>
	</Mapping>
	<Mapping>
		<TableName>Jungle Lord</TableName>
		<RomName>jngld</RomName>
	</Mapping>
	<Mapping>
		<TableName>Mini Cycle</TableName>
		<RomName>MiniCycle_1970</RomName>
	</Mapping>
	<Mapping>
		<TableName>Lucky Seven</TableName>
		<RomName>lucky</RomName>
	</Mapping>
	<Mapping>
		<TableName>Lunelle</TableName>
		<RomName>lunelle</RomName>
	</Mapping>
	<Mapping>
		<TableName>Mario Andretti</TableName>
		<RomName>andretti</RomName>
	</Mapping>
	<Mapping>
		<TableName>Solar Fire</TableName>
		<RomName>solar</RomName>
	</Mapping>
	<Mapping>
		<TableName>Mars God Of War</TableName>
		<RomName>mars</RomName>
	</Mapping>
	<Mapping>
		<TableName>Rack Em Up</TableName>
		<RomName>rackemup</RomName>
	</Mapping>
	<Mapping>
		<TableName>Memory Lane</TableName>
		<RomName>memlan</RomName>
	</Mapping>
	<Mapping>
		<TableName>Mexico</TableName>
		<RomName>mexico</RomName>
	</Mapping>
	<Mapping>
		<TableName>Middle Earth</TableName>
		<RomName>midearth</RomName>
	</Mapping>
	<Mapping>
		<TableName>Millionaire</TableName>
		<RomName>milln</RomName>
	</Mapping>
	<Mapping>
		<TableName>City Slicker</TableName>
		<RomName>cityslck</RomName>
	</Mapping>
	<Mapping>
		<TableName>Monte Carlo</TableName>
		<RomName>mntecrlo</RomName>
	</Mapping>
	<Mapping>
		<TableName>Operation Thunder</TableName>
		<RomName>opthund</RomName>
	</Mapping>
	<Mapping>
		<TableName>Roller Disco</TableName>
		<RomName>roldisco</RomName>
	</Mapping>
	<Mapping>
		<TableName>Wolf Man</TableName>
		<RomName>wolfman</RomName>
	</Mapping>
	<Mapping>
		<TableName>Space Jam</TableName>
		<RomName>spacej</RomName>
	</Mapping>
	<Mapping>
		<TableName>Oba Oba</TableName>
		<RomName>obaoba</RomName>
	</Mapping>
	<Mapping>
		<TableName>DOF Test table</TableName>
		<RomName>dof_test</RomName>
	</Mapping>
	<Mapping>
		<TableName>Striker</TableName>
		<RomName>striker</RomName>
	</Mapping>
	<Mapping>
		<TableName>Odin Deluxe</TableName>
		<RomName>odin_dlx</RomName>
	</Mapping>
	<Mapping>
		<TableName>Nugent</TableName>
		<RomName>nugent</RomName>
	</Mapping>
	<Mapping>
		<TableName>Orbit 1</TableName>
		<RomName>orbit1</RomName>
	</Mapping>
	<Mapping>
		<TableName>Pennant Fever</TableName>
		<RomName>pfevr</RomName>
	</Mapping>
	<Mapping>
		<TableName>Pentacup</TableName>
		<RomName>pentacup</RomName>
	</Mapping>
	<Mapping>
		<TableName>Phoenix</TableName>
		<RomName>phnix</RomName>
	</Mapping>
	<Mapping>
		<TableName>Pinball Lizard</TableName>
		<RomName>lizard</RomName>
	</Mapping>
	<Mapping>
		<TableName>Torpedo Alley</TableName>
		<RomName>torp</RomName>
	</Mapping>
	<Mapping>
		<TableName>Petaco</TableName>
		<RomName>petaco</RomName>
	</Mapping>
	<Mapping>
		<TableName>Pistol Poker</TableName>
		<RomName>pstlpkr</RomName>
	</Mapping>
	<Mapping>
		<TableName>Pokerino</TableName>
		<RomName>pkrno</RomName>
	</Mapping>
	<Mapping>
		<TableName>Spirit of 76</TableName>
		<RomName>Spiritof76</RomName>
	</Mapping>
	<Mapping>
		<TableName>New York</TableName>
		<RomName>new_york</RomName>
	</Mapping>
	<Mapping>
		<TableName>Pioneer</TableName>
		<RomName>Pioneer</RomName>
	</Mapping>
	<Mapping>
		<TableName>Soccer Kings</TableName>
		<RomName>sock</RomName>
	</Mapping>
	<Mapping>
		<TableName>Pool Sharks</TableName>
		<RomName>pool</RomName>
	</Mapping>
	<Mapping>
		<TableName>Rally</TableName>
		<RomName>rally</RomName>
	</Mapping>
	<Mapping>
		<TableName>Ready...Aim...Fire!</TableName>
		<RomName>raimfire</RomName>
	</Mapping>
	<Mapping>
		<TableName>Buccaneer</TableName>
		<RomName>Buccaneer</RomName>
	</Mapping>
	<Mapping>
		<TableName>Monday Night Football</TableName>
		<RomName>mnfb</RomName>
	</Mapping>
	<Mapping>
		<TableName>Cherry Bell</TableName>
		<RomName>cherry_bell</RomName>
	</Mapping>
	<Mapping>
		<TableName>Rock</TableName>
		<RomName>rock</RomName>
	</Mapping>
	<Mapping>
		<TableName>Saturn 2</TableName>
		<RomName>saturn2</RomName>
	</Mapping>
	<Mapping>
		<TableName>Scorpion</TableName>
		<RomName>scrpn_l1</RomName>
	</Mapping>
	<Mapping>
		<TableName>Scramble</TableName>
		<RomName>scram</RomName>
	</Mapping>
	<Mapping>
		<TableName>Nemesis</TableName>
		<RomName>nemesis</RomName>
	</Mapping>
	<Mapping>
		<TableName>Shaq attaq</TableName>
		<RomName>shaqatt</RomName>
	</Mapping>
	<Mapping>
		<TableName>Shark (Hankin)</TableName>
		<RomName>shark</RomName>
	</Mapping>
	<Mapping>
		<TableName>Shark (Taito)</TableName>
		<RomName>sharkt</RomName>
	</Mapping>
	<Mapping>
		<TableName>Tag Team</TableName>
		<RomName>tagteam</RomName>
	</Mapping>
	<Mapping>
		<TableName>Sharp Shooter II</TableName>
		<RomName>sshootr2</RomName>
	</Mapping>
	<Mapping>
		<TableName>Victory</TableName>
		<RomName>victory</RomName>
	</Mapping>
	<Mapping>
		<TableName>Shooting the rapids</TableName>
		<RomName>strapids</RomName>
	</Mapping>
	<Mapping>
		<TableName>Humpty Dumpty</TableName>
		<RomName>humpty_dumpty</RomName>
	</Mapping>
	<Mapping>
		<TableName>Snake Machine</TableName>
		<RomName>snake</RomName>
	</Mapping>
	<Mapping>
		<TableName>Time 2000</TableName>
		<RomName>time2000</RomName>
	</Mapping>
	<Mapping>
		<TableName>Space City</TableName>
		<RomName>spacecty</RomName>
	</Mapping>
	<Mapping>
		<TableName>Space Hawks</TableName>
		<RomName>spacehaw</RomName>
	</Mapping>
	<Mapping>
		<TableName>Special Force</TableName>
		<RomName>specforc</RomName>
	</Mapping>
	<Mapping>
		<TableName>V1</TableName>
		<RomName>v1</RomName>
	</Mapping>
	<Mapping>
		<TableName>Space Riders</TableName>
		<RomName>spcrider</RomName>
	</Mapping>
	<Mapping>
		<TableName>Silver Slugger</TableName>
		<RomName>silvslug</RomName>
	</Mapping>
	<Mapping>
		<TableName>Spooky</TableName>
		<RomName>spooky</RomName>
	</Mapping>
	<Mapping>
		<TableName>Speakeasy</TableName>
		<RomName>speake</RomName>
	</Mapping>
	<Mapping>
		<TableName>Star Light</TableName>
		<RomName>strlt</RomName>
	</Mapping>
	<Mapping>
		<TableName>Star Race</TableName>
		<RomName>starrace</RomName>
	</Mapping>
	<Mapping>
		<TableName>Spring Break</TableName>
		<RomName>sprbreak</RomName>
	</Mapping>
	<Mapping>
		<TableName>Star Wars (Sonic)</TableName>
		<RomName>sonstw</RomName>
	</Mapping>
	<Mapping>
		<TableName>Stellar Wars</TableName>
		<RomName>stlwr</RomName>
	</Mapping>
	<Mapping>
		<TableName>Strike</TableName>
		<RomName>strike</RomName>
	</Mapping>
	<Mapping>
		<TableName>Thunderball</TableName>
		<RomName>thund_p</RomName>
	</Mapping>
	<Mapping>
		<TableName>Time Line</TableName>
		<RomName>timeline</RomName>
	</Mapping>
	<Mapping>
		<TableName>Torch</TableName>
		<RomName>torch</RomName>
	</Mapping>
	<Mapping>
		<TableName>Touchdown</TableName>
		<RomName>touchdn</RomName>
	</Mapping>
	<Mapping>
		<TableName>Titan</TableName>
		<RomName>titan</RomName>
	</Mapping>
	<Mapping>
		<TableName>TX-Sector</TableName>
		<RomName>txsector</RomName>
	</Mapping>
	<Mapping>
		<TableName>Viper</TableName>
		<RomName>viper</RomName>
	</Mapping>
	<Mapping>
		<TableName>Warlok</TableName>
		<RomName>wrlok</RomName>
	</Mapping>
	<Mapping>
		<TableName>World Challenge Soccer</TableName>
		<RomName>wcsoccer</RomName>
	</Mapping>
	<Mapping>
		<TableName>World Cup 90</TableName>
		<RomName>wcup90</RomName>
	</Mapping>
	<Mapping>
		<TableName>Alien Poker Multiball</TableName>
		<RomName>alpok_b6</RomName>
	</Mapping>
	<Mapping>
		<TableName>Odisea Paris Dakar</TableName>
		<RomName>odisea</RomName>
	</Mapping>
	<Mapping>
		<TableName>Zankor</TableName>
		<RomName>zankor</RomName>
	</Mapping>
	<Mapping>
		<TableName>zzz</TableName>
		<RomName>zzz</RomName>
	</Mapping>
	<Mapping>
		<TableName>Rat Fink</TableName>
		<RomName>ratfink</RomName>
	</Mapping>
	<Mapping>
		<TableName>Ice Cold Beer</TableName>
		<RomName>icecoldbeer</RomName>
	</Mapping>
	<Mapping>
		<TableName>Pumpkin Carvin</TableName>
		<RomName>blkou_hf</RomName>
	</Mapping>
	<Mapping>
		<TableName>Circus (Zaccaria)</TableName>
		<RomName>CircusZaccaria_1977</RomName>
	</Mapping>
	<Mapping>
		<TableName>Firecracker</TableName>
		<RomName>Firecracker_1971</RomName>
	</Mapping>
	<Mapping>
		<TableName>Zeke&apos;s Peak</TableName>
		<RomName>zekespeak</RomName>
	</Mapping>
	<Mapping>
		<TableName>Legend of Zelda</TableName>
		<RomName>zof10</RomName>
	</Mapping>
	<Mapping>
		<TableName>Blue Note</TableName>
		<RomName>BlueNote_1979</RomName>
	</Mapping>
	<Mapping>
		<TableName>2001</TableName>
		<RomName>GTB2001_1971</RomName>
	</Mapping>
	<Mapping>
		<TableName>Strike and Spares</TableName>
		<RomName>snspares</RomName>
	</Mapping>
	<Mapping>
		<TableName>Eclipse</TableName>
		<RomName>eclipse</RomName>
	</Mapping>
	<Mapping>
		<TableName>Space Shuttle (Zaccaria)</TableName>
		<RomName>sshtlzac</RomName>
	</Mapping>
	<Mapping>
		<TableName>Scuba</TableName>
		<RomName>Scuba_1970</RomName>
	</Mapping>
	<Mapping>
		<TableName>Hyperball</TableName>
		<RomName>hypbl</RomName>
	</Mapping>
	<Mapping>
		<TableName>Beat Time</TableName>
		<RomName>BeatTime</RomName>
	</Mapping>
	<Mapping>
		<TableName>Surf  n Safari </TableName>
		<RomName>surfnsaf</RomName>
	</Mapping>
	<Mapping>
		<TableName>Airport</TableName>
		<RomName>Airport_1969</RomName>
	</Mapping>
	<Mapping>
		<TableName>Evil Fight</TableName>
		<RomName>evlfight</RomName>
	</Mapping>
	<Mapping>
		<TableName>Meteor</TableName>
		<RomName>meteor</RomName>
	</Mapping>
	<Mapping>
		<TableName>Bronco</TableName>
		<RomName>bronco</RomName>
	</Mapping>
	<Mapping>
		<TableName>Star Gazer</TableName>
		<RomName>stargzr</RomName>
	</Mapping>
	<Mapping>
		<TableName>Solar Wars</TableName>
		<RomName>solarwar</RomName>
	</Mapping>
	<Mapping>
		<TableName>Aqualand</TableName>
		<RomName>aqualand</RomName>
	</Mapping>
	<Mapping>
		<TableName>Roller Coaster</TableName>
		<RomName>RollerCoaster_1971</RomName>
	</Mapping>
	<Mapping>
		<TableName>Aladdin Castle</TableName>
		<RomName>Aladdins_Castle</RomName>
	</Mapping>
	<Mapping>
		<TableName>Rocket III</TableName>
		<RomName>RocketIII_1967</RomName>
	</Mapping>
	<Mapping>
		<TableName>Big Indian</TableName>
		<RomName>big_indian</RomName>
	</Mapping>
	<Mapping>
		<TableName>Bronco Buster</TableName>
		<RomName>BroncoBuster</RomName>
	</Mapping>
	<Mapping>
		<TableName>Trade Winds</TableName>
		<RomName>trade_winds</RomName>
	</Mapping>
	<Mapping>
		<TableName>Future World</TableName>
		<RomName>futurwld</RomName>
	</Mapping>
	<Mapping>
		<TableName>woz</TableName>
		<RomName>woz_b2s</RomName>
	</Mapping>
	<Mapping>
		<TableName>Basketball</TableName>
		<RomName>bsktball</RomName>
	</Mapping>
	<Mapping>
		<TableName>Wizard</TableName>
		<RomName>wizard_b2s</RomName>
	</Mapping>
	<Mapping>
		<TableName>Spin A Card</TableName>
		<RomName>SpinACard_1969</RomName>
	</Mapping>
	<Mapping>
		<TableName>Iron Balls</TableName>
		<RomName>ironball</RomName>
	</Mapping>
	<Mapping>
		<TableName>Bell Ringer</TableName>
		<RomName>bellring</RomName>
	</Mapping>
	<Mapping>
		<TableName>Cheetah</TableName>
		<RomName>cheetah</RomName>
	</Mapping>
	<Mapping>
		<TableName>Whoa Nellie</TableName>
		<RomName>Whoa_Nellie_EM</RomName>
	</Mapping>
	<Mapping>
		<TableName>Six Million Dollar Man, The</TableName>
		<RomName>smman</RomName>
	</Mapping>
	<Mapping>
		<TableName>Gemini</TableName>
		<RomName>gemini_1977</RomName>
	</Mapping>
	<Mapping>
		<TableName>Fireball Classics</TableName>
		<RomName>fbclass</RomName>
	</Mapping>
	<Mapping>
		<TableName>Star Fire</TableName>
		<RomName>starfire</RomName>
	</Mapping>
	<Mapping>
		<TableName>Flying Carpet</TableName>
		<RomName>flying_carpet</RomName>
	</Mapping>
	<Mapping>
		<TableName>TKO</TableName>
		<RomName>tko_1979</RomName>
	</Mapping>
	<Mapping>
		<TableName>Apollo 1967</TableName>
		<RomName>apollo_1967</RomName>
	</Mapping>
	<Mapping>
		<TableName>Straight Flush</TableName>
		<RomName>straight_flush</RomName>
	</Mapping>
	<Mapping>
		<TableName>Bank A Ball</TableName>
		<RomName>bank_a_ball</RomName>
	</Mapping>
	<Mapping>
		<TableName>Smurfette</TableName>
		<RomName>smurfette</RomName>
	</Mapping>
	<Mapping>
		<TableName>Beat The Clock 1963</TableName>
		<RomName>beat_the_clock_1963</RomName>
	</Mapping>
	<Mapping>
		<TableName>Caveman</TableName>
		<RomName>caveman</RomName>
	</Mapping>
	<Mapping>
		<TableName>Pyramid</TableName>
		<RomName>pyramid_1978</RomName>
	</Mapping>
	<Mapping>
		<TableName>Wheel</TableName>
		<RomName>wheel_maresa</RomName>
	</Mapping>
	<Mapping>
		<TableName>World Defender</TableName>
		<RomName>worlddef</RomName>
	</Mapping>
	<Mapping>
		<TableName>Space Walk</TableName>
		<RomName>spacewalk_1979</RomName>
	</Mapping>
	<Mapping>
		<TableName>Rock 2500</TableName>
		<RomName>rock2500</RomName>
	</Mapping>
	<Mapping>
		<TableName>Sing Along</TableName>
		<RomName>sing_along_1967</RomName>
	</Mapping>
	<Mapping>
		<TableName>Petaco 2</TableName>
		<RomName>petaco2</RomName>
	</Mapping>
	<Mapping>
		<TableName>Joker Poker EM</TableName>
		<RomName>jokerpoker_1978</RomName>
	</Mapping>
	<Mapping>
		<TableName>Golden Arrow</TableName>
		<RomName>goldenarrow_1977</RomName>
	</Mapping>
	<Mapping>
		<TableName>Mad Race</TableName>
		<RomName>madrace</RomName>
	</Mapping>
	<Mapping>
		<TableName>The Web</TableName>
		<RomName>theweb</RomName>
	</Mapping>
	<Mapping>
		<TableName>Atleta</TableName>
		<RomName>atleta</RomName>
	</Mapping>
	<Mapping>
		<TableName>Nautilus</TableName>
		<RomName>nautilus</RomName>
	</Mapping>
	<Mapping>
		<TableName>Party</TableName>
		<RomName>party</RomName>
	</Mapping>
	<Mapping>
		<TableName>KZ-26</TableName>
		<RomName>kz26</RomName>
	</Mapping>
	<Mapping>
		<TableName>Halley Comet</TableName>
		<RomName>halley</RomName>
	</Mapping>
	<Mapping>
		<TableName>Big Top (1964)</TableName>
		<RomName>bigtop_1964</RomName>
	</Mapping>
	<Mapping>
		<TableName>Bushido</TableName>
		<RomName>bushidoa</RomName>
	</Mapping>
	<Mapping>
		<TableName>Big Top (Wico)</TableName>
		<RomName>big_top_1977</RomName>
	</Mapping>
	<Mapping>
		<TableName>NFL</TableName>
		<RomName>nfl</RomName>
	</Mapping>
	<Mapping>
		<TableName>Slick Chick</TableName>
		<RomName>SlickChick_1963</RomName>
	</Mapping>
	<Mapping>
		<TableName>Motordome</TableName>
		<RomName>motrdome</RomName>
	</Mapping>
	<Mapping>
		<TableName>Break</TableName>
		<RomName>break</RomName>
	</Mapping>
	<Mapping>
		<TableName>Crescendo</TableName>
		<RomName>crescendo_1970</RomName>
	</Mapping>
	<Mapping>
		<TableName>Fire Queen</TableName>
		<RomName>firequeen_1977</RomName>
	</Mapping>
	<Mapping>
		<TableName>Star Trek (Gottlieb)</TableName>
		<RomName>startrek_1971</RomName>
	</Mapping>
	<Mapping>
		<TableName>Atarians, The</TableName>
		<RomName>atarianb</RomName>
	</Mapping>
	<Mapping>
		<TableName>Paul Bunyan</TableName>
		<RomName>paulbunyan_1968</RomName>
	</Mapping>
	<Mapping>
		<TableName>Cactus Canyon PROC</TableName>
		<RomName>Proc_CC</RomName>
	</Mapping>
	<Mapping>
		<TableName>Space Train</TableName>
		<RomName>spctrain</RomName>
	</Mapping>
	<Mapping>
		<TableName>Evil Dead (Proc)</TableName>
		<RomName>proc_evildead</RomName>
	</Mapping>
	<Mapping>
		<TableName>Attack</TableName>
		<RomName>attack</RomName>
	</Mapping>
	<Mapping>
		<TableName>Sir Lancelot</TableName>
		<RomName>lancelot</RomName>
	</Mapping>
	<Mapping>
		<TableName>Groovy</TableName>
		<RomName>groovy_1970</RomName>
	</Mapping>
	<Mapping>
		<TableName>Caddie</TableName>
		<RomName>caddie_1970</RomName>
	</Mapping>
	<Mapping>
		<TableName>Cirqus Voltaire Pinmame DMD</TableName>
		<RomName>cv_dmd</RomName>
	</Mapping>
	<Mapping>
		<TableName>Volcano</TableName>
		<RomName>vlcno_ax</RomName>
	</Mapping>
	<Mapping>
		<TableName>Night Rider</TableName>
		<RomName>nightrd</RomName>
	</Mapping>
	<Mapping>
		<TableName>Dragonfist</TableName>
		<RomName>dragfi</RomName>
	</Mapping>
	<Mapping>
		<TableName>Double Up</TableName>
		<RomName>doubleup_1970</RomName>
	</Mapping>
	<Mapping>
		<TableName>Gargamel Park</TableName>
		<RomName>gargamel_park</RomName>
	</Mapping>
</TableNameMappings>